{"type": "block", "layer": 0, "block": 0, "features": [{"geom": {"polygons": [[[[-49.99995, -11.283964259525709], [-48.1824928072327, -11.285115844623911], [-45.769327667037004, -11.2867298314467], [-43.356162526841324, -11.288343818269594], [-40.942997386645644, -11.28995780509249], [-38.52983224644984, -11.291571791915274], [-36.11662463291675, -11.293100832063256], [-33.70345949272095, -11.29471481888615], [-31.290294352525272, -11.296328805709049], [-28.87712921232959, -11.297942792531833], [-26.4639640721339, -11.299556779354726], [-24.0507989319381, -11.30108581950271], [-21.637633791742417, -11.302699806325494], [-21.637846158429642, -14.043759111585809], [-21.638228418466582, -16.784733470171318], [-21.638653151841037, -19.52579277543163], [-21.63876063898133, -20.296571115537844], [-49.99995, -20.296571115537844], [-49.99995, -11.283964259525709]]]], "centroids": [[-35.823967282399366, -15.79491744252504, 0.0]], "h": 7.503166592887717e-05}, "mtl": {"face": 0}}, {"geom": {"polygons": [[[[32.748625338041684, -11.302699806325494], [32.742806490811894, -9.852745012675864], [32.73720001026932, -8.403130005725664], [32.73163600306427, -6.953090265401123], [32.726029522521706, -5.503050525076471], [32.72042304197913, -4.0532656247765555], [32.71464666808674, -2.6033957778017287], [32.70887029419446, -1.1534409841519888], [32.703263813651894, 0.2964288628227303], [32.69765733310933, 1.7462137631226429], [32.69205085256676, 3.196253503447187], [32.686486845361706, 4.6460384037471], [32.680667998131916, 6.095908250722039], [32.67489162423952, 7.545947991046579], [32.66928514369707, 8.995732891346496], [32.66367866315449, 10.44551779164641], [32.65811465594933, 11.895557531970953], [34.278727319447434, 11.895557531970953], [35.899382456282936, 11.895557531970953], [37.51999511978102, 11.895557531970953], [39.14065025661664, 11.895557531970953], [40.76126292011474, 11.895557531970953], [42.38187558361284, 11.895557531970953], [44.00253072044833, 11.895557531970953], [45.62314338394643, 11.895557531970953], [47.24379852078193, 11.895557531970953], [48.86441118428003, 11.895557531970953], [49.99994999999999, 11.895557531970953], [49.99994999999999, -11.302699806325494], [48.82966799425121, -11.302699806325494], [47.04281468799888, -11.302699806325494], [45.255961381746545, -11.302699806325494], [43.46932044218133, -11.302699806325494], [41.68263702927882, -11.302699806325494], [39.89582619636389, -11.302699806325494], [38.10897289011156, -11.302699806325494], [36.32211958385911, -11.302699806325494], [34.535266277606794, -11.302699806325494], [32.748625338041684, -11.302699806325494]]]], "centroids": [[41.35161032099888, 0.30654929335318304, 0.0]], "h": 7.503166592887717e-05}, "mtl": {"face": 0}}, {"geom": {"polygons": [[[[32.65811465594933, 11.895557531970953], [32.65768992257488, 12.86174101213806], [32.657095295850716, 13.827669652280541], [32.656500669126444, 14.7935982924228], [32.656118409089494, 15.759781772589907], [32.65569367571505, 16.725710412732386], [32.65509904899088, 17.69163905287487], [32.654504422266605, 18.657737586366952], [32.65412216222966, 19.623751173184235], [30.72421865546724, 19.62392106653406], [28.794527515392055, 19.62434579990851], [26.86483637531686, 19.624515693258335], [24.934932868554448, 19.624685586607942], [23.005241728479252, 19.624940426632566], [21.075550588404056, 19.625110319982394], [19.14564708164165, 19.625365160007018], [17.215955941566452, 19.625535053356845], [17.213523690121878, 20.296571115537844], [49.99994999999999, 20.296571115537844], [49.99994999999999, 11.895557531970953], [48.86441118428003, 11.895557531970953], [47.24379852078193, 11.895557531970953], [45.62314338394643, 11.895557531970953], [44.00253072044833, 11.895557531970953], [42.38187558361284, 11.895557531970953], [40.76126292011474, 11.895557531970953], [39.14065025661664, 11.895557531970953], [37.51999511978102, 11.895557531970953], [35.899382456282936, 11.895557531970953], [34.278727319447434, 11.895557531970953], [32.65811465594933, 11.895557531970953]]]], "centroids": [[40.238630921061045, 16.35307388848372, 0.0]], "h": 7.503166592887717e-05}, "mtl": {"face": 0}}, {"geom": {"polygons": [[[[-21.63876063898133, -20.296571115537844], [-21.638653151841037, -19.52579277543163], [-21.638228418466582, -16.784733470171318], [-21.637846158429642, -14.043759111585809], [-21.637633791742417, -11.302699806325494], [-18.715850435659544, -11.302699806325494], [-15.794236972926495, -11.302699806325494], [-12.872623510193442, -11.302699806325494], [-9.951010047460285, -11.302699806325494], [-7.0293965847272375, -11.302699806325494], [-4.10778312199419, -11.302699806325494], [-1.1861696592610327, -11.302699806325494], [1.7356561701592388, -11.302699806325494], [4.657439526242113, -11.302699806325494], [7.579052988975166, -11.302699806325494], [10.500666451708218, -11.302699806325494], [13.42227991444137, -11.302699806325494], [16.343893377174425, -11.302699806325494], [19.265506839907477, -11.302699806325494], [22.18712030264063, -11.302699806325494], [25.108946132060904, -11.302699806325494], [25.109923018822123, -12.26845855311815], [25.111154745607966, -13.234217299910805], [25.112131632369184, -14.19997604670346], [25.1131509924678, -15.165734793496114], [24.78950416114758, -15.170491807289778], [24.77812130671262, -17.344107324303522], [24.76669597894038, -19.517722841317376], [24.762693534606417, -20.296571115537844], [-21.63876063898133, -20.296571115537844]]]], "centroids": [[1.6412572796435487, -15.79159705611738, 0.0]], "h": 7.503166592887717e-05}, "mtl": {"face": 0}}, {"geom": {"polygons": [[[[48.301000202972965, -20.296571115537844], [48.300237843016646, -19.793459748001204], [48.29862385619387, -18.86847540515439], [48.29705234270848, -17.943491062307682], [48.295650722572816, -17.018506719460866], [48.29424910243715, -16.09352237661416], [48.292635115614246, -15.168283193742717], [46.84382710207555, -15.168113300392893], [45.39518898188667, -15.168113300392893], [43.94659333503509, -15.167943407043177], [42.497785321496394, -15.167688567018441], [41.04893483462018, -15.167688567018441], [39.60033918776871, -15.167348780318902], [38.15170106757972, -15.167093940294274], [36.70289305404103, -15.166924046944448], [35.254085040502325, -15.166669206919822], [33.805446920313344, -15.166499313569997], [32.35685127346187, -15.166499313569997], [30.908000786585653, -15.166329420220283], [29.45919277304696, -15.166074580195655], [28.01059712619548, -15.166074580195655], [26.561959006006497, -15.165904686845831], [25.1131509924678, -15.165734793496114], [25.112131632369184, -14.19997604670346], [25.111154745607966, -13.234217299910805], [25.109923018822123, -12.26845855311815], [25.108946132060904, -11.302699806325494], [27.018844696887346, -11.302699806325494], [28.92878573505129, -11.302699806325494], [30.838684299877727, -11.302699806325494], [32.748625338041684, -11.302699806325494], [34.535266277606794, -11.302699806325494], [36.32211958385911, -11.302699806325494], [38.10897289011156, -11.302699806325494], [39.89582619636389, -11.302699806325494], [41.68263702927882, -11.302699806325494], [43.46932044218133, -11.302699806325494], [45.255961381746545, -11.302699806325494], [47.04281468799888, -11.302699806325494], [48.82966799425121, -11.302699806325494], [49.99994999999999, -11.302699806325494], [49.99994999999999, -20.296571115537844], [48.301000202972965, -20.296571115537844]]]], "centroids": [[38.5220194047515, -13.609090259842038, 0.0]], "h": 7.503166592887717e-05},